Вакансия,Компания,Зарплата,Ссылка
Программист 1С,ООО РусПетрол,"240 000 – 260 000 ₽ за месяц, на руки",https://adsrv.hh.ru/click?b=1504952&place=35&meta=c2iLH7QAqjkXKPuPOvTQa434SwujzNVmvVY86aariZQAz91wzULTydp2xcLS0mUOiABOetzR5kyLoGDTrBpfcAPUEno5h8nvcrCE5hme3S9959MoIIGSNWlsLO9xmFIzroGpiT9sT337CTt4qiL4Pj0HZ3gOhYbpPp-VnNzUjxYxOHI3_n_PbeP__XC-G1eclI0AtMGXDmVBSH8YuYBkY1HDxpe0ulkE4GU3_YbMg59QNKwaFnQz7zg5Naje0b4TaLPGHA8ku27f2pF4tHdESD7llRNW2a0NLYWDfxBFjlT31Zioox9mBEWiVGozKguvN5n7DEwcX0nyk2kQooqz56AV2WTsqe6FaFkRh1LJG0bZLztewtavQl2A4glEkabYP01S3-9tz7bO0B0_GqB9WW-bF_k8PrWR1t11gBqS7TLZZBV_LrCKbeSH5SFD1vkq3uwnBfhLhxyTKqy5zKGgV0F-MfhSPccfkpbM-csbz_YLX5H0uNnRSXcD-O8UAUjeNM1zrN25sbpy7gpe0TfrzXqahOSmhpGkPBiuBQIGOTA%3D&clickType=link_to_vacancy
Программист Bitrix,ООО Абсолют Трейд,Зарплата не указана,https://adsrv.hh.ru/click?b=1510934&place=36&meta=cNABuwyxXlis1AGtnp_Ni0GxbK2vDZ7URR9LpBGWTHZztkUiPZrcHHMzbf1aeLmiv2UqZmJCZu5ENJCzllM-qob7xoHQEKs7prOZKPM8tFVva8-ukdCG8wFtwE3KfSRpEoBb2d6X4-F2hC2pcqhVhr9UC9UDaGUECfsodhSUFQslgw34a9PMqrq5z7sTuYb1-JeWxEsUXiArvRh-T9OXtOtuOQmA-Z0e-5VqJut_WtYz-8In3ses4OiNzGvl6BBxq5ze3qlBeQWszuKqF_42Eheys3UhNvWJ7ZSpnVAAsIXoG8PIHGip-JP8NXKmREM5IIY8SnAi6hoYULtKYQHhN-pkh6nwv2cOrOEeGMc6xydkRYRYQ4OhzMpQgxL8_7dUVqg2wylwu4KJQzrPwLo3-VX5ya2lRu4kKM-xo-1odqVURQv2bWj4JgKFxaw0psQ4e-ZFDjTK3-EYIZVihlzufv12M46yxs7adS-B_gmt6-kldDwEVFMYGhYVdalxbs4tbYXnlKIRNjmxVM2OSsfbjxJ-jwOe2Mm1vwxm7jty_h0%3D&clickType=link_to_vacancy
Инженер программист ROS,АО Интеллект Машин,"до 470 000 ₽ за месяц, на руки",https://hh.ru/vacancy/115669572?query=%D0%BF%D1%80%D0%BE%D0%B3%D1%80%D0%B0%D0%BC%D0%BC%D0%B8%D1%81%D1%82&hhtmFrom=vacancy_search_list
Golang разработчик,ABCP,"220 000 – 450 000 ₽ за месяц, до вычета налогов",https://hh.ru/vacancy/73726156?query=%D0%BF%D1%80%D0%BE%D0%B3%D1%80%D0%B0%D0%BC%D0%BC%D0%B8%D1%81%D1%82&hhtmFrom=vacancy_search_list
Разработчик / Программист 1C,ООО ВЕС-Медиа,Зарплата не указана,https://hh.ru/vacancy/116719629?query=%D0%BF%D1%80%D0%BE%D0%B3%D1%80%D0%B0%D0%BC%D0%BC%D0%B8%D1%81%D1%82&hhtmFrom=vacancy_search_list
Ведущий программист 1С,Теремок,"от 339 000 ₽ за месяц, до вычета налогов",https://hh.ru/vacancy/116538612?query=%D0%BF%D1%80%D0%BE%D0%B3%D1%80%D0%B0%D0%BC%D0%BC%D0%B8%D1%81%D1%82&hhtmFrom=vacancy_search_list
"Программист: C#, .NET, WinForms",ООО ТБСС,"от 90 000 ₽ за месяц, на руки",https://hh.ru/vacancy/116747308?query=%D0%BF%D1%80%D0%BE%D0%B3%D1%80%D0%B0%D0%BC%D0%BC%D0%B8%D1%81%D1%82&hhtmFrom=vacancy_search_list
Разработчик ПО для микроконтроллеров / embedded-программист / программист-разработчик (middle+),Бризекс,"250 000 – 350 000 ₽ за месяц, до вычета налогов",https://hh.ru/vacancy/116692686?query=%D0%BF%D1%80%D0%BE%D0%B3%D1%80%D0%B0%D0%BC%D0%BC%D0%B8%D1%81%D1%82&hhtmFrom=vacancy_search_list
Программист софтов/Программист/Разработчик/ Разработчик софтов (удаленно),Smart SERM,"50 000 – 100 000 ₽ за месяц, на руки",https://hh.ru/vacancy/116736404?query=%D0%BF%D1%80%D0%BE%D0%B3%D1%80%D0%B0%D0%BC%D0%BC%D0%B8%D1%81%D1%82&hhtmFrom=vacancy_search_list
Full Stack junior разработчик,ООО КОРТЕОС,"120 000 – 150 000 ₽ за месяц, на руки",https://hh.ru/vacancy/116725664?query=%D0%BF%D1%80%D0%BE%D0%B3%D1%80%D0%B0%D0%BC%D0%BC%D0%B8%D1%81%D1%82&hhtmFrom=vacancy_search_list
Программист,ООО Бем,"от 200 000 ₽ за месяц, на руки",https://hh.ru/vacancy/115609544?query=%D0%BF%D1%80%D0%BE%D0%B3%D1%80%D0%B0%D0%BC%D0%BC%D0%B8%D1%81%D1%82&hhtmFrom=vacancy_search_list
Ведущий программист С++,"Эверис, Представительство","200 000 – 500 000 ₽ за месяц, на руки",https://hh.ru/vacancy/116574748?query=%D0%BF%D1%80%D0%BE%D0%B3%D1%80%D0%B0%D0%BC%D0%BC%D0%B8%D1%81%D1%82&hhtmFrom=vacancy_search_list
Программист-разработчик,ИП Годик Людмила Викторовна,Зарплата не указана,https://hh.ru/vacancy/116647481?query=%D0%BF%D1%80%D0%BE%D0%B3%D1%80%D0%B0%D0%BC%D0%BC%D0%B8%D1%81%D1%82&hhtmFrom=vacancy_search_list
Программист 1С - начинающий специалист,"Перспектива, Кадровый Центр","100 000 – 180 000 ₽ за месяц, на руки",https://hh.ru/vacancy/116742005?query=%D0%BF%D1%80%D0%BE%D0%B3%D1%80%D0%B0%D0%BC%D0%BC%D0%B8%D1%81%D1%82&hhtmFrom=vacancy_search_list
Стажер - программист 1С,ALEXROVICH.RU,"от 45 000 ₽ за месяц, на руки",https://hh.ru/vacancy/116447512?query=%D0%BF%D1%80%D0%BE%D0%B3%D1%80%D0%B0%D0%BC%D0%BC%D0%B8%D1%81%D1%82&hhtmFrom=vacancy_search_list
Стажер-программист 1С,Компьютерные технологии 2000,"от 50 000 ₽ за месяц, на руки",https://hh.ru/vacancy/116567069?query=%D0%BF%D1%80%D0%BE%D0%B3%D1%80%D0%B0%D0%BC%D0%BC%D0%B8%D1%81%D1%82&hhtmFrom=vacancy_search_list
Программист С++ (Middle),ООО ИНИТИ,"от 280 000 ₽ за месяц, до вычета налогов",https://hh.ru/vacancy/108659206?query=%D0%BF%D1%80%D0%BE%D0%B3%D1%80%D0%B0%D0%BC%D0%BC%D0%B8%D1%81%D1%82&hhtmFrom=vacancy_search_list
Инженер-программист / Программист-разработчик,ООО Центр СПРУТ-Т,"180 000 – 280 000 ₽ за месяц, до вычета налогов",https://hh.ru/vacancy/116375592?query=%D0%BF%D1%80%D0%BE%D0%B3%D1%80%D0%B0%D0%BC%D0%BC%D0%B8%D1%81%D1%82&hhtmFrom=vacancy_search_list
Программист-стажер (робототехника),ООО Невлабс,"до 150 000 ₽ за месяц, на руки",https://hh.ru/vacancy/116221402?query=%D0%BF%D1%80%D0%BE%D0%B3%D1%80%D0%B0%D0%BC%D0%BC%D0%B8%D1%81%D1%82&hhtmFrom=vacancy_search_list
Программист-стажер 1С,ООО АСМ,"от 60 000 ₽ за месяц, на руки",https://hh.ru/vacancy/115702801?query=%D0%BF%D1%80%D0%BE%D0%B3%D1%80%D0%B0%D0%BC%D0%BC%D0%B8%D1%81%D1%82&hhtmFrom=vacancy_search_list
Junior разработчик (fullstack),"АйТи Гео, ООО (IT GEO)","от 60 000 ₽ за месяц, на руки",https://hh.ru/vacancy/115580257?query=%D0%BF%D1%80%D0%BE%D0%B3%D1%80%D0%B0%D0%BC%D0%BC%D0%B8%D1%81%D1%82&hhtmFrom=vacancy_search_list
Программист ПЛК,ООО ФНБ Инжиниринг,"от 150 000 ₽ за месяц, на руки",https://hh.ru/vacancy/116691293?query=%D0%BF%D1%80%D0%BE%D0%B3%D1%80%D0%B0%D0%BC%D0%BC%D0%B8%D1%81%D1%82&hhtmFrom=vacancy_search_list
Программист-разработчик Python,"Красное & Белое, розничная сеть","от 200 000 ₽ за месяц, на руки",https://hh.ru/vacancy/116694017?query=%D0%BF%D1%80%D0%BE%D0%B3%D1%80%D0%B0%D0%BC%D0%BC%D0%B8%D1%81%D1%82&hhtmFrom=vacancy_search_list
"Программист С++/Qt, junior",НТЦ Радуга,"90 000 – 140 000 ₽ за месяц, до вычета налогов",https://hh.ru/vacancy/114963778?query=%D0%BF%D1%80%D0%BE%D0%B3%D1%80%D0%B0%D0%BC%D0%BC%D0%B8%D1%81%D1%82&hhtmFrom=vacancy_search_list
Инженер программист/Робототехник/Инженер-электронщик/инженер-программист АСУ,ООО Агро Прогресс,"180 000 – 250 000 ₽ за месяц, на руки",https://hh.ru/vacancy/116481042?query=%D0%BF%D1%80%D0%BE%D0%B3%D1%80%D0%B0%D0%BC%D0%BC%D0%B8%D1%81%D1%82&hhtmFrom=vacancy_search_list
Java разработчик с нуля (стажер),Aston,"70 000 – 80 000 ₽ за месяц, до вычета налогов",https://hh.ru/vacancy/115249152?query=%D0%BF%D1%80%D0%BE%D0%B3%D1%80%D0%B0%D0%BC%D0%BC%D0%B8%D1%81%D1%82&hhtmFrom=vacancy_search_list
Разработчик 1С (junior),Жегалова София Сергеевна,Зарплата не указана,https://hh.ru/vacancy/116721921?query=%D0%BF%D1%80%D0%BE%D0%B3%D1%80%D0%B0%D0%BC%D0%BC%D0%B8%D1%81%D1%82&hhtmFrom=vacancy_search_list
Программист,ООО Институт «Мосинжпроект»,"до 222 000 ₽ за месяц, на руки",https://hh.ru/vacancy/116168113?query=%D0%BF%D1%80%D0%BE%D0%B3%D1%80%D0%B0%D0%BC%D0%BC%D0%B8%D1%81%D1%82&hhtmFrom=vacancy_search_list
Программист C++,ООО АВЕКС,"150 000 – 450 000 ₽ за месяц, на руки",https://hh.ru/vacancy/115897662?query=%D0%BF%D1%80%D0%BE%D0%B3%D1%80%D0%B0%D0%BC%D0%BC%D0%B8%D1%81%D1%82&hhtmFrom=vacancy_search_list
Программист 1С,ООО Экзон: Информационные Системы,"от 80 000 ₽ за месяц, на руки",https://hh.ru/vacancy/115173424?query=%D0%BF%D1%80%D0%BE%D0%B3%D1%80%D0%B0%D0%BC%D0%BC%D0%B8%D1%81%D1%82&hhtmFrom=vacancy_search_list
Программист .Net,"Красное & Белое, розничная сеть",Зарплата не указана,https://hh.ru/vacancy/114563195?query=%D0%BF%D1%80%D0%BE%D0%B3%D1%80%D0%B0%D0%BC%D0%BC%D0%B8%D1%81%D1%82&hhtmFrom=vacancy_search_list
Инженер-программист,ООО Гринтехинжиниринг,"от 200 000 ₽ за месяц, до вычета налогов",https://hh.ru/vacancy/116699465?query=%D0%BF%D1%80%D0%BE%D0%B3%D1%80%D0%B0%D0%BC%D0%BC%D0%B8%D1%81%D1%82&hhtmFrom=vacancy_search_list
Junior web программист / интегратор (арбитраж трафика),ИП Мартиросян Михаил Арменов,"40 000 – 70 000 ₽ за месяц, на руки",https://hh.ru/vacancy/116520365?query=%D0%BF%D1%80%D0%BE%D0%B3%D1%80%D0%B0%D0%BC%D0%BC%D0%B8%D1%81%D1%82&hhtmFrom=vacancy_search_list
Программист БУС,Vitamin C,"от 120 000 ₽ за месяц, на руки",https://hh.ru/vacancy/116687498?query=%D0%BF%D1%80%D0%BE%D0%B3%D1%80%D0%B0%D0%BC%D0%BC%D0%B8%D1%81%D1%82&hhtmFrom=vacancy_search_list
Программист C++ Junior,Петров Игорь Кириллович,"от 50 000 ₽ за месяц, на руки",https://hh.ru/vacancy/116529996?query=%D0%BF%D1%80%D0%BE%D0%B3%D1%80%D0%B0%D0%BC%D0%BC%D0%B8%D1%81%D1%82&hhtmFrom=vacancy_search_list
Backend Developer в проект Kwork,Kwork,"250 000 – 320 000 ₽ за месяц, до вычета налогов",https://hh.ru/vacancy/116076994?query=%D0%BF%D1%80%D0%BE%D0%B3%D1%80%D0%B0%D0%BC%D0%BC%D0%B8%D1%81%D1%82&hhtmFrom=vacancy_search_list
Программист 1С (Junior),ООО Техцентр ЛУКОМ-А,"до 160 000 ₽ за месяц, до вычета налогов",https://hh.ru/vacancy/116682471?query=%D0%BF%D1%80%D0%BE%D0%B3%D1%80%D0%B0%D0%BC%D0%BC%D0%B8%D1%81%D1%82&hhtmFrom=vacancy_search_list
Программист C#/ .NET,Syntellect (ООО СИНТЕЛЛЕКТ),Зарплата не указана,https://hh.ru/vacancy/113708451?query=%D0%BF%D1%80%D0%BE%D0%B3%D1%80%D0%B0%D0%BC%D0%BC%D0%B8%D1%81%D1%82&hhtmFrom=vacancy_search_list
Программист БД,Экосистема,"от 150 000 ₽ за месяц, на руки",https://hh.ru/vacancy/116747160?query=%D0%BF%D1%80%D0%BE%D0%B3%D1%80%D0%B0%D0%BC%D0%BC%D0%B8%D1%81%D1%82&hhtmFrom=vacancy_search_list
Программист-стажер 1C,ALEXROVICH.RU,"от 45 000 ₽ за месяц, на руки",https://hh.ru/vacancy/112438579?query=%D0%BF%D1%80%D0%BE%D0%B3%D1%80%D0%B0%D0%BC%D0%BC%D0%B8%D1%81%D1%82&hhtmFrom=vacancy_search_list
Начинающий программист 1С,ООО ПТК Интерьер-Стиль,Зарплата не указана,https://hh.ru/vacancy/116711068?query=%D0%BF%D1%80%D0%BE%D0%B3%D1%80%D0%B0%D0%BC%D0%BC%D0%B8%D1%81%D1%82&hhtmFrom=vacancy_search_list
Junior Программист-тестировщик,ООО Передовые Мультимедийные Технологии,Зарплата не указана,https://hh.ru/vacancy/116176965?query=%D0%BF%D1%80%D0%BE%D0%B3%D1%80%D0%B0%D0%BC%D0%BC%D0%B8%D1%81%D1%82&hhtmFrom=vacancy_search_list
Программист C# / MSSQL,ООО ГрандТитул,"от 200 000 ₽ за месяц, на руки",https://hh.ru/vacancy/116574321?query=%D0%BF%D1%80%D0%BE%D0%B3%D1%80%D0%B0%D0%BC%D0%BC%D0%B8%D1%81%D1%82&hhtmFrom=vacancy_search_list
Программист микроконтроллеров на языке C,Wiren Board,"150 000 – 300 000 ₽ за месяц, на руки",https://hh.ru/vacancy/116145499?query=%D0%BF%D1%80%D0%BE%D0%B3%D1%80%D0%B0%D0%BC%D0%BC%D0%B8%D1%81%D1%82&hhtmFrom=vacancy_search_list
Программист PHP,Excdev,"180 000 – 280 000 ₽ за месяц, на руки",https://hh.ru/vacancy/114574447?query=%D0%BF%D1%80%D0%BE%D0%B3%D1%80%D0%B0%D0%BC%D0%BC%D0%B8%D1%81%D1%82&hhtmFrom=vacancy_search_list
Стажер-программист 1С,ООО Автоматизация. Внедрение. Технологии.,"29 500 ₽ за месяц, до вычета налогов",https://hh.ru/vacancy/116704394?query=%D0%BF%D1%80%D0%BE%D0%B3%D1%80%D0%B0%D0%BC%D0%BC%D0%B8%D1%81%D1%82&hhtmFrom=vacancy_search_list
Инженер-программист,ООО ДИАМЕХ 2000,"110 000 – 140 000 ₽ за месяц, на руки",https://hh.ru/vacancy/116517350?query=%D0%BF%D1%80%D0%BE%D0%B3%D1%80%D0%B0%D0%BC%D0%BC%D0%B8%D1%81%D1%82&hhtmFrom=vacancy_search_list
Java-программист,РеИнформ Инт.,"от 200 000 ₽ за месяц, до вычета налогов",https://hh.ru/vacancy/116519972?query=%D0%BF%D1%80%D0%BE%D0%B3%D1%80%D0%B0%D0%BC%D0%BC%D0%B8%D1%81%D1%82&hhtmFrom=vacancy_search_list
Программист MSSQL,ООО ДиБ Системс,"160 000 – 230 000 ₽ за месяц, на руки",https://hh.ru/vacancy/115894583?query=%D0%BF%D1%80%D0%BE%D0%B3%D1%80%D0%B0%D0%BC%D0%BC%D0%B8%D1%81%D1%82&hhtmFrom=vacancy_search_list
Инженер-программист,ООО Зевс,"180 000 – 205 000 ₽ за месяц, на руки",https://hh.ru/vacancy/116720303?query=%D0%BF%D1%80%D0%BE%D0%B3%D1%80%D0%B0%D0%BC%D0%BC%D0%B8%D1%81%D1%82&hhtmFrom=vacancy_search_list
Программист C++ (junior),ПАО ПАО «Яковлев»,Зарплата не указана,https://hh.ru/vacancy/116457811?query=%D0%BF%D1%80%D0%BE%D0%B3%D1%80%D0%B0%D0%BC%D0%BC%D0%B8%D1%81%D1%82&hhtmFrom=vacancy_search_list
Программист 1С (Junior),АО НПФ ВТБ Пенсионный Фонд,Зарплата не указана,https://hh.ru/vacancy/116500262?query=%D0%BF%D1%80%D0%BE%D0%B3%D1%80%D0%B0%D0%BC%D0%BC%D0%B8%D1%81%D1%82&hhtmFrom=vacancy_search_list
