Название,Цена,Ссылка
Подушка Пипа Velvet Coral,2300,https://www.divan.ru/ekaterinburg/category/dekor/ekaterinburg/product/podushka-pipa-velvet-coral
Подушка Букле White,1670,https://www.divan.ru/ekaterinburg/category/dekor/ekaterinburg/product/podushka-bukle-white
Подушка Варшава Vertical Jeance,2620,https://www.divan.ru/ekaterinburg/category/dekor/ekaterinburg/product/podushka-varshava-vertical-jeance
Топпер для дивана Сони XL Barhat Beige,4720,https://www.divan.ru/ekaterinburg/category/dekor/ekaterinburg/product/topper-dlya-divana-soni-xl-barhat-beige
Плед Тут Рядом Хорошо Бежевый 140x200,8390,https://www.divan.ru/ekaterinburg/category/dekor/ekaterinburg/product/pled-tut-ryadom-horosho-bejevyj-140x200
Часы Кудо 16 Wood White,4190,https://www.divan.ru/ekaterinburg/category/dekor/ekaterinburg/product/chasy-kudo-16-wood-white
Постер Камчатка-1,1570,https://www.divan.ru/ekaterinburg/category/dekor/ekaterinburg/product/poster-kamchatka-1
Постер Камчатка-2,2090,https://www.divan.ru/ekaterinburg/category/dekor/ekaterinburg/product/poster-kamchatka-2
Постер Камчатка-3,4190,https://www.divan.ru/ekaterinburg/category/dekor/ekaterinburg/product/poster-kamchatka-3
Постер Камчатка-4,6290,https://www.divan.ru/ekaterinburg/category/dekor/ekaterinburg/product/poster-kamchatka-4
Постер Камчатка-5,6290,https://www.divan.ru/ekaterinburg/category/dekor/ekaterinburg/product/poster-kamchatka-5
Подушка Рейн Cozy Ginger,2410,https://www.divan.ru/ekaterinburg/category/dekor/ekaterinburg/product/podushka-rejn-cozy-ginger
Подушка Лаунд Grey,2300,https://www.divan.ru/ekaterinburg/category/dekor/ekaterinburg/product/podushka-laund-grey
Подушка Виола Beige,2300,https://www.divan.ru/ekaterinburg/category/dekor/ekaterinburg/product/podushka-viola-beige
Подушка Тут Рядом Город Белая,3140,https://www.divan.ru/ekaterinburg/category/dekor/ekaterinburg/product/podushka-tut-ryadom-gorod-belaya
Покрывало Лаурен-Cream 240x260,15 740,https://www.divan.ru/ekaterinburg/category/dekor/ekaterinburg/product/pokryvalo-lauren-cream-240x260
Топпер для дивана Оквилл S Velvet Grey,5560,https://www.divan.ru/ekaterinburg/category/dekor/ekaterinburg/product/topper-dlya-divana-okvill-s-velvet-grey
Топпер для дивана Сони-1 Velvet Ocean-Grey,8390,https://www.divan.ru/ekaterinburg/category/dekor/ekaterinburg/product/topper-dlya-divana-soni-1-velvet-ocean-grey
Плед Франко Бежевый 120х170,3560,https://www.divan.ru/ekaterinburg/category/dekor/ekaterinburg/product/pled-franko-bejevyj-120x170
Подушка Лисси Velvet Milk,2720,https://www.divan.ru/ekaterinburg/category/dekor/ekaterinburg/product/podushka-lissi-velvet-milk
Подушка Лунни Bucle White,2090,https://www.divan.ru/ekaterinburg/category/dekor/ekaterinburg/product/podushka-lunni-bucle-white
Подушка Лисси Velvet Sky,2720,https://www.divan.ru/ekaterinburg/category/dekor/ekaterinburg/product/podushka-lissi-velvet-sky
Подушка Тут Рядом Город Лиловая,2620,https://www.divan.ru/ekaterinburg/category/dekor/ekaterinburg/product/podushka-tut-ryadom-gorod-lilovaya
Подушка Липси Grey,1670,https://www.divan.ru/ekaterinburg/category/dekor/ekaterinburg/product/podushka-lipsi-grey
Топпер для дивана Сони Happy Yellow,5770,https://www.divan.ru/ekaterinburg/category/dekor/ekaterinburg/product/topper-dlya-divana-soni-happy-yellow
Плед Линли Grey,5240,https://www.divan.ru/ekaterinburg/category/dekor/ekaterinburg/product/pled-linli-grey
Часы Оззи Grey,4190,https://www.divan.ru/ekaterinburg/category/dekor/ekaterinburg/product/chasy-ozzi-grey
Плед Lotus Home Textile Blue 120x170,7970,https://www.divan.ru/ekaterinburg/category/dekor/ekaterinburg/product/pled-lotus-blue-120x170
Плед Brera Home Textile Blue 120x170,7970,https://www.divan.ru/ekaterinburg/category/dekor/ekaterinburg/product/pled-brera-home-textile-blue-120x170
Покрывало Лаурен-Beige 240x260,15 740,https://www.divan.ru/ekaterinburg/category/dekor/ekaterinburg/product/pokryvalo-lauren-beige-240x260
Подушка Меланж Brown,1460,https://www.divan.ru/ekaterinburg/category/dekor/ekaterinburg/product/podushka-melanj-brown
Плед Тут Рядом Тепло Сине-бежевый 140x200,15 740,https://www.divan.ru/ekaterinburg/category/dekor/ekaterinburg/product/pled-tut-ryadom-teplo-sine-bejevyj-140x200
Топпер для дивана Сони XL Barhat Yellow,4720,https://www.divan.ru/ekaterinburg/category/dekor/ekaterinburg/product/topper-dlya-divana-soni-xl-barhat-yellow
Подушка Винси Cozy Latte,2410,https://www.divan.ru/ekaterinburg/category/dekor/ekaterinburg/product/podushka-vinsi-cozy-latte
Часы Оззи Ocher,5870,https://www.divan.ru/ekaterinburg/category/dekor/ekaterinburg/product/chasy-ozzi-ocher
Топпер для дивана Сони-1 Velvet Beige-Grey,8390,https://www.divan.ru/ekaterinburg/category/dekor/ekaterinburg/product/topper-dlya-divana-soni-1-velvet-beige-grey
Покрывало Самуэль-Latte 160x220,8390,https://www.divan.ru/ekaterinburg/category/dekor/ekaterinburg/product/pokryvalo-samuel-latte-160x220
Покрывало Самуэль-Milk 230x250,10 490,https://www.divan.ru/ekaterinburg/category/dekor/ekaterinburg/product/pokryvalo-samuel-milk-230x250
Настольная лампа Гейза Blue,3140,https://www.divan.ru/ekaterinburg/category/dekor/ekaterinburg/product/nastolnaya-lampa-gejza-blue
Часы Педди Dusty Pink,4190,https://www.divan.ru/ekaterinburg/category/dekor/ekaterinburg/product/chasy-peddi-dusty-pink
Подушка Тут Рядом Четверг Бежевая,2620,https://www.divan.ru/ekaterinburg/category/dekor/ekaterinburg/product/podushka-tut-ryadom-chetverg-bejevaya
Подушка Лаунд Beige,2300,https://www.divan.ru/ekaterinburg/category/dekor/ekaterinburg/product/podushka-laund-beige
Покрывало Барроу Cotton Milk,10 490,https://www.divan.ru/ekaterinburg/category/dekor/ekaterinburg/product/pokryvalo-barrou-cotton-milk
Подушка Китти Barhat Light,2720,https://www.divan.ru/ekaterinburg/category/dekor/ekaterinburg/product/podushka-kitti-barhat-light
Часы Педди Jade Green,5870,https://www.divan.ru/ekaterinburg/category/dekor/ekaterinburg/product/chasy-peddi-jade-green
Настольная лампа Истад White,1780,https://www.divan.ru/ekaterinburg/category/dekor/ekaterinburg/product/nastolnaya-lampa-istad-white
Органайзер настенный Пегборд-1 White,1990,https://www.divan.ru/ekaterinburg/category/dekor/ekaterinburg/product/organajzer-nastennyj-pegbord-1-white
Покрывало Эвери-Blue 240x260,16 790,https://www.divan.ru/ekaterinburg/category/dekor/ekaterinburg/product/pokryvalo-everi-blue-240x260
